0,Experiment_2023-10-06T18:43:55.290472_apollo_1_Training - fixed.log,apollo,Training - fixed,1,2023-10-06 18:43:55.290472,
1,Experiment_2023-10-07T17:33:26.622301_apollo_2_Training - fixed.log,apollo,Training - fixed,2,2023-10-07 17:33:26.622301,0 days 22:49:31.331829
2,Experiment_2023-10-08T17:01:24.908365_apollo_3_Training - fixed.log,apollo,Training - fixed,3,2023-10-08 17:01:24.908365,0 days 23:27:58.286064
3,Experiment_2023-10-09T10:17:33.693352_apollo_4_Training randomised Type 2.log,apollo,Training randomised Type 2,4,2023-10-09 10:17:33.693352,0 days 17:16:08.784987
4,Experiment_2023-10-09T17:45:46.540359_apollo_5_Training randomised Type 1.log,apollo,Training randomised Type 1,5,2023-10-09 17:45:46.540359,0 days 07:28:12.847007
5,Experiment_2023-10-10T17:12:49.514733_apollo_6_Training randomised Type 2.log,apollo,Training randomised Type 2,6,2023-10-10 17:12:49.514733,0 days 23:27:02.974374
6,Experiment_2023-10-11T09:07:26.645788_apollo_7_Test Type 1.log,apollo,Test Type 1,7,2023-10-11 09:07:26.645788,0 days 15:54:37.131055
7,Experiment_2023-10-17T11:03:37.586522_apollo_8_Test Type 2.log,apollo,Test Type 2,8,2023-10-17 11:03:37.586522,6 days 01:56:10.940734
8,Experiment_2023-10-21T16:51:13.820180_apollo_9_Test Type 3.log,apollo,Test Type 3,9,2023-10-21 16:51:13.820180,4 days 05:47:36.233658
9,Experiment_2023-10-22T12:32:10.229170_apollo_10_Test Type 1.log,apollo,Test Type 1,10,2023-10-22 12:32:10.229170,0 days 19:40:56.408990
10,Experiment_2023-10-06T13:21:53.770221_ash_2_Training - fixed.log,ash,Training - fixed,2,2023-10-06 13:21:53.770221,-16 days +00:49:43.541051
11,Experiment_2023-10-07T11:27:44.914673_ash_3_Training - fixed.log,ash,Training - fixed,3,2023-10-07 11:27:44.914673,0 days 22:05:51.144452
12,Experiment_2023-10-08T11:03:05.275380_ash_4_Training - fixed.log,ash,Training - fixed,4,2023-10-08 11:03:05.275380,0 days 23:35:20.360707
13,Experiment_2023-10-09T11:42:20.024754_ash_5_Training randomised Type 1.log,ash,Training randomised Type 1,5,2023-10-09 11:42:20.024754,1 days 00:39:14.749374
14,Experiment_2023-10-10T11:11:42.463329_ash_6_Test Type 1.log,ash,Test Type 1,6,2023-10-10 11:11:42.463329,0 days 23:29:22.438575
15,Experiment_2023-10-16T10:39:05.806462_ash_8_Test Type 2.log,ash,Test Type 2,8,2023-10-16 10:39:05.806462,5 days 23:27:23.343133
16,Experiment_2023-10-20T11:05:31.583763_ash_9_Test Type 3.log,ash,Test Type 3,9,2023-10-20 11:05:31.583763,4 days 00:26:25.777301
17,Experiment_2023-10-20T17:37:43.849099_ash_10_Test Type 1.log,ash,Test Type 1,10,2023-10-20 17:37:43.849099,0 days 06:32:12.265336
18,Experiment_2023-10-06T12:49:44.174442_atom_2_Training - fixed.log,atom,Training - fixed,2,2023-10-06 12:49:44.174442,-15 days +19:12:00.325343
19,Experiment_2023-10-07T10:47:41.820683_atom_3_Training - fixed.log,atom,Training - fixed,3,2023-10-07 10:47:41.820683,0 days 21:57:57.646241
20,Experiment_2023-10-08T10:29:55.247254_atom_5_Training randomised Type 1.log,atom,Training randomised Type 1,5,2023-10-08 10:29:55.247254,0 days 23:42:13.426571
21,Experiment_2023-10-09T11:06:00.505868_atom_6_Training randomised Type 2.log,atom,Training randomised Type 2,6,2023-10-09 11:06:00.505868,1 days 00:36:05.258614
22,Experiment_2023-10-10T10:31:23.027937_atom_7_Training randomised Type 1.log,atom,Training randomised Type 1,7,2023-10-10 10:31:23.027937,0 days 23:25:22.522069
23,Experiment_2023-10-11T10:26:14.965471_atom_8_Test Type 1.log,atom,Test Type 1,8,2023-10-11 10:26:14.965471,0 days 23:54:51.937534
24,Experiment_2023-10-12T12:02:37.453239_atom_9_Test Type 2.log,atom,Test Type 2,9,2023-10-12 12:02:37.453239,1 days 01:36:22.487768
25,Experiment_2023-10-19T11:50:35.226661_atom_10_Test Type 3.log,atom,Test Type 3,10,2023-10-19 11:50:35.226661,6 days 23:47:57.773422
26,Experiment_2023-10-20T10:00:38.306565_atom_11_Test Type 1.log,atom,Test Type 1,11,2023-10-20 10:00:38.306565,0 days 22:10:03.079904
27,Experiment_2023-10-06T18:04:47.757500_bonnie_53_Training - fixed.log,bonnie,Training - fixed,53,2023-10-06 18:04:47.757500,-14 days +08:04:09.450935
28,Experiment_2023-10-06T20:06:03.009376_bonnie_54_Training - fixed.log,bonnie,Training - fixed,54,2023-10-06 20:06:03.009376,0 days 02:01:15.251876
29,Experiment_2023-10-07T16:55:59.174334_bonnie_55_Training - fixed.log,bonnie,Training - fixed,55,2023-10-07 16:55:59.174334,0 days 20:49:56.164958
30,Experiment_2023-10-08T16:09:32.654028_bonnie_56_Training - fixed.log,bonnie,Training - fixed,56,2023-10-08 16:09:32.654028,0 days 23:13:33.479694
31,Experiment_2023-10-09T17:04:07.650916_bonnie_63_Training randomised Type 1.log,bonnie,Training randomised Type 1,63,2023-10-09 17:04:07.650916,1 days 00:54:34.996888
32,Experiment_2023-10-10T16:33:32.580268_bonnie_73_Test Type 1.log,bonnie,Test Type 1,73,2023-10-10 16:33:32.580268,0 days 23:29:24.929352
33,Experiment_2023-10-17T14:37:07.416285_bonnie_77_Test Type 2.log,bonnie,Test Type 2,77,2023-10-17 14:37:07.416285,6 days 22:03:34.836017
34,Experiment_2023-10-21T15:57:40.059715_bonnie_78_Test Type 3.log,bonnie,Test Type 3,78,2023-10-21 15:57:40.059715,4 days 01:20:32.643430
35,Experiment_2023-10-22T11:36:41.453331_bonnie_79_Test Type 1.log,bonnie,Test Type 1,79,2023-10-22 11:36:41.453331,0 days 19:39:01.393616
36,Experiment_2023-11-15T00:39:50.244185_clover_nan_Test Type 1.log,clover,Test Type 1,,2023-11-15 00:39:50.244185,23 days 13:03:08.790854
37,Experiment_2023-11-13T20:54:16.427672_clover_nan_Training randomised Type 1.log,clover,Training randomised Type 1,,2023-11-13 20:54:16.427672,-2 days +20:14:26.183487
38,Experiment_2023-11-14T16:29:57.013745_clover_nan_Test Type 1.log,clover,Test Type 1,,2023-11-14 16:29:57.013745,0 days 19:35:40.586073
39,Experiment_2023-11-13T13:01:26.435669_clover_nan_Training - fixed.log,clover,Training - fixed,,2023-11-13 13:01:26.435669,-2 days +20:31:29.421924
40,Experiment_2023-11-13T04:02:49.575872_clover_nan_Training - fixed.log,clover,Training - fixed,,2023-11-13 04:02:49.575872,-1 days +15:01:23.140203
41,Experiment_2023-11-17T05:22:49.445377_clover_nan_Test Type 1.log,clover,Test Type 1,,2023-11-17 05:22:49.445377,4 days 01:19:59.869505
42,Experiment_2023-11-14T07:17:26.885747_clover_nan_Training randomised Type 2.log,clover,Training randomised Type 2,,2023-11-14 07:17:26.885747,-3 days +01:54:37.440370
43,Experiment_2023-11-17T01:23:36.375164_clover_nan_Test Type 3.log,clover,Test Type 3,,2023-11-17 01:23:36.375164,2 days 18:06:09.489417
44,Experiment_2023-11-13T20:49:33.970464_clover_nan_Training randomised Type 1.log,clover,Training randomised Type 1,,2023-11-13 20:49:33.970464,-4 days +19:25:57.595300
45,Experiment_2023-11-15T23:18:27.463685_clover_nan_Test Type 2.log,clover,Test Type 2,,2023-11-15 23:18:27.463685,2 days 02:28:53.493221
46,Experiment_2023-10-06T15:37:08.619329_dodge_1_Training - fixed.log,dodge,Training - fixed,1,2023-10-06 15:37:08.619329,-41 days +16:18:41.155644
47,Experiment_2023-10-07T14:30:16.073357_dodge_2_Training - fixed.log,dodge,Training - fixed,2,2023-10-07 14:30:16.073357,0 days 22:53:07.454028
48,Experiment_2023-10-08T13:10:43.954358_dodge_3_Training - fixed.log,dodge,Training - fixed,3,2023-10-08 13:10:43.954358,0 days 22:40:27.881001
49,Experiment_2023-10-09T14:28:21.463730_dodge_4_Training randomised Type 1.log,dodge,Training randomised Type 1,4,2023-10-09 14:28:21.463730,1 days 01:17:37.509372
50,Experiment_2023-10-10T13:58:22.293380_dodge_5_Test Type 1.log,dodge,Test Type 1,5,2023-10-10 13:58:22.293380,0 days 23:30:00.829650
51,Experiment_2023-10-17T15:27:19.799243_dodge_6_Test Type 2.log,dodge,Test Type 2,6,2023-10-17 15:27:19.799243,7 days 01:28:57.505863
52,Experiment_2023-10-21T13:11:05.817830_dodge_7_Test Type 3.log,dodge,Test Type 3,7,2023-10-21 13:11:05.817830,3 days 21:43:46.018587
53,Experiment_2023-10-22T10:49:33.650259_dodge_8_Test Type 1.log,dodge,Test Type 1,8,2023-10-22 10:49:33.650259,0 days 21:38:27.832429
54,Experiment_2023-10-06T17:27:12.851047_dougie_1_Training - fixed.log,dougie,Training - fixed,1,2023-10-06 17:27:12.851047,-16 days +06:37:39.200788
55,Experiment_2023-10-07T16:13:17.750963_dougie_2_Training - fixed.log,dougie,Training - fixed,2,2023-10-07 16:13:17.750963,0 days 22:46:04.899916
56,Experiment_2023-10-08T15:37:37.287527_dougie_3_Training randomised Type 1.log,dougie,Training randomised Type 1,3,2023-10-08 15:37:37.287527,0 days 23:24:19.536564
57,Experiment_2023-10-09T15:25:36.471599_dougie_7_Training randomised Type 2.log,dougie,Training randomised Type 2,7,2023-10-09 15:25:36.471599,0 days 23:47:59.184072
58,Experiment_2023-10-10T16:00:54.429454_dougie_8_Test Type 1.log,dougie,Test Type 1,8,2023-10-10 16:00:54.429454,1 days 00:35:17.957855
59,Experiment_2023-10-16T16:24:46.288311_dougie_9_Test Type 2.log,dougie,Test Type 2,9,2023-10-16 16:24:46.288311,6 days 00:23:51.858857
60,Experiment_2023-10-20T15:32:07.559818_dougie_10_Test Type 3.log,dougie,Test Type 3,10,2023-10-20 15:32:07.559818,3 days 23:07:21.271507
61,Experiment_2023-10-21T15:03:31.439944_dougie_11_Test Type 1.log,dougie,Test Type 1,11,2023-10-21 15:03:31.439944,0 days 23:31:23.880126
62,Experiment_2023-11-13T01:06:46.118598_dusty_1.0_Training - fixed.log,dusty,Training - fixed,1,2023-11-13 01:06:46.118598,22 days 10:03:14.678654
63,Experiment_2023-11-13T10:22:11.789817_dusty_2.0_Training - fixed.log,dusty,Training - fixed,2,2023-11-13 10:22:11.789817,0 days 09:15:25.671219
64,Experiment_2023-11-13T18:03:46.698927_dusty_3.0_Training randomised Type 1.log,dusty,Training randomised Type 1,3,2023-11-13 18:03:46.698927,0 days 07:41:34.909110
65,Experiment_2023-11-14T04:38:56.660845_dusty_4.0_Training randomised Type 2.log,dusty,Training randomised Type 2,4,2023-11-14 04:38:56.660845,0 days 10:35:09.961918
66,Experiment_2023-11-14T12:13:40.543722_dusty_6.0_Training randomised Type 1.log,dusty,Training randomised Type 1,6,2023-11-14 12:13:40.543722,0 days 07:34:43.882877
67,Experiment_2023-11-14T20:37:30.423056_dusty_7.0_Test Type 1.log,dusty,Test Type 1,7,2023-11-14 20:37:30.423056,0 days 08:23:49.879334
68,Experiment_2023-11-15T20:13:26.521959_dusty_8.0_Test Type 2.log,dusty,Test Type 2,8,2023-11-15 20:13:26.521959,0 days 23:35:56.098903
69,Experiment_2023-11-16T23:55:33.357304_dusty_9.0_Test Type 3.log,dusty,Test Type 3,9,2023-11-16 23:55:33.357304,1 days 03:42:06.835345
70,Experiment_2023-11-17T04:05:53.213724_dusty_10.0_Test Type 1.log,dusty,Test Type 1,10,2023-11-17 04:05:53.213724,0 days 04:10:19.856420
71,Experiment_2023-11-17T04:39:51.602365_dusty_11.0_Test Type 1.log,dusty,Test Type 1,11,2023-11-17 04:39:51.602365,0 days 00:33:58.388641
72,Experiment_2023-10-06T16:43:49.516057_filly_4_Training - fixed.log,filly,Training - fixed,4,2023-10-06 16:43:49.516057,-42 days +12:03:57.913692
73,Experiment_2023-10-07T15:21:21.434899_filly_5_Training - fixed.log,filly,Training - fixed,5,2023-10-07 15:21:21.434899,0 days 22:37:31.918842
74,Experiment_2023-10-08T13:50:54.095550_filly_6_Training randomised Type 1.log,filly,Training randomised Type 1,6,2023-10-08 13:50:54.095550,0 days 22:29:32.660651
75,Experiment_2023-10-09T15:20:02.348892_filly_8_Test Type 1.log,filly,Test Type 1,8,2023-10-09 15:20:02.348892,1 days 01:29:08.253342
76,Experiment_2023-10-10T09:46:31.020135_filly_9_Test Type 1.log,filly,Test Type 1,9,2023-10-10 09:46:31.020135,0 days 18:26:28.671243
77,Experiment_2023-10-16T15:32:34.409339_filly_10_Test Type 2.log,filly,Test Type 2,10,2023-10-16 15:32:34.409339,6 days 05:46:03.389204
78,Experiment_2023-10-20T14:08:54.608210_filly_11_Test Type 3.log,filly,Test Type 3,11,2023-10-20 14:08:54.608210,3 days 22:36:20.198871
79,Experiment_2023-10-21T14:15:00.246809_filly_12_Test Type 3.log,filly,Test Type 3,12,2023-10-21 14:15:00.246809,1 days 00:06:05.638599
80,Experiment_2023-11-16T05:15:17.737341_freya_nan_Test Type 3.log,freya,Test Type 3,,2023-11-16 05:15:17.737341,25 days 15:00:17.490532
81,Experiment_2023-11-16T11:37:18.984569_freya_nan_Test Type 1.log,freya,Test Type 1,,2023-11-16 11:37:18.984569,0 days 06:22:01.247228
82,Experiment_2023-11-13T10:57:03.527161_freya_nan_Training - fixed.log,freya,Training - fixed,,2023-11-13 10:57:03.527161,-4 days +23:19:44.542592
83,Experiment_2023-11-14T23:17:57.967289_freya_nan_Test Type 2.log,freya,Test Type 2,,2023-11-14 23:17:57.967289,1 days 12:20:54.440128
84,Experiment_2023-11-13T01:52:41.875007_freya_nan_Training - fixed.log,freya,Training - fixed,,2023-11-13 01:52:41.875007,-2 days +02:34:43.907718
85,Experiment_2023-11-14T05:29:24.069610_freya_nan_Test Type 1.log,freya,Test Type 1,,2023-11-14 05:29:24.069610,1 days 03:36:42.194603
86,Experiment_2023-11-13T19:19:51.364628_freya_nan_Training randomised Type 1.log,freya,Training randomised Type 1,,2023-11-13 19:19:51.364628,-1 days +13:50:27.295018
87,Experiment_2023-11-12T19:14:04.462174_george_1.0_Training - fixed.log,george,Training - fixed,1,2023-11-12 19:14:04.462174,-2 days +23:54:13.097546
88,Experiment_2023-11-13T06:05:07.391993_george_2.0_Training - fixed.log,george,Training - fixed,2,2023-11-13 06:05:07.391993,0 days 10:51:02.929819
89,Experiment_2023-11-13T14:49:56.787891_george_3.0_Training randomised Type 1.log,george,Training randomised Type 1,3,2023-11-13 14:49:56.787891,0 days 08:44:49.395898
90,Experiment_2023-11-14T00:25:42.956340_george_5.0_Test Type 1.log,george,Test Type 1,5,2023-11-14 00:25:42.956340,0 days 09:35:46.168449
91,Experiment_2023-11-15T02:59:50.231712_george_6.0_Test Type 2.log,george,Test Type 2,6,2023-11-15 02:59:50.231712,1 days 02:34:07.275372
92,Experiment_2023-11-16T07:57:12.097353_george_7.0_Test Type 3.log,george,Test Type 3,7,2023-11-16 07:57:12.097353,1 days 04:57:21.865641
93,Experiment_2023-11-16T14:31:05.230974_george_8.0_Test Type 1.log,george,Test Type 1,8,2023-11-16 14:31:05.230974,0 days 06:33:53.133621
94,Experiment_2023-11-13T00:39:24.776854_gio_1.0_Training - fixed.log,gio,Training - fixed,1,2023-11-13 00:39:24.776854,-4 days +10:08:19.545880
95,Experiment_2023-11-13T08:28:59.797750_gio_2.0_Training - fixed.log,gio,Training - fixed,2,2023-11-13 08:28:59.797750,0 days 07:49:35.020896
96,Experiment_2023-11-13T17:24:29.152222_gio_3.0_Training randomised Type 1.log,gio,Training randomised Type 1,3,2023-11-13 17:24:29.152222,0 days 08:55:29.354472
97,Experiment_2023-11-14T04:07:06.316598_gio_4.0_Training randomised Type 2.log,gio,Training randomised Type 2,4,2023-11-14 04:07:06.316598,0 days 10:42:37.164376
98,Experiment_2023-11-14T12:37:30.469954_gio_5.0_Test Type 1.log,gio,Test Type 1,5,2023-11-14 12:37:30.469954,0 days 08:30:24.153356
99,Experiment_2023-11-15T05:22:53.513691_gio_6.0_Test Type 2.log,gio,Test Type 2,6,2023-11-15 05:22:53.513691,0 days 16:45:23.043737
100,Experiment_2023-11-16T09:54:53.813828_gio_7.0_Test Type 3.log,gio,Test Type 3,7,2023-11-16 09:54:53.813828,1 days 04:32:00.300137
101,Experiment_2023-11-16T17:55:24.333022_gio_9.0_Test Type 1.log,gio,Test Type 1,9,2023-11-16 17:55:24.333022,0 days 08:00:30.519194
102,Experiment_2023-11-12T20:05:19.027763_jelly_1.0_Training - fixed.log,jelly,Training - fixed,1,2023-11-12 20:05:19.027763,-4 days +02:09:54.694741
103,Experiment_2023-11-13T04:50:56.054932_jelly_2.0_Training - fixed.log,jelly,Training - fixed,2,2023-11-13 04:50:56.054932,0 days 08:45:37.027169
104,Experiment_2023-11-13T13:32:28.364484_jelly_3.0_Training - fixed.log,jelly,Training - fixed,3,2023-11-13 13:32:28.364484,0 days 08:41:32.309552
105,Experiment_2023-11-13T23:02:01.120208_jelly_4.0_Training - fixed.log,jelly,Training - fixed,4,2023-11-13 23:02:01.120208,0 days 09:29:32.755724
106,Experiment_2023-11-14T08:46:04.505826_jelly_5.0_Training randomised Type 1.log,jelly,Training randomised Type 1,5,2023-11-14 08:46:04.505826,0 days 09:44:03.385618
107,Experiment_2023-11-14T17:14:25.139579_jelly_6.0_Test Type 1.log,jelly,Test Type 1,6,2023-11-14 17:14:25.139579,0 days 08:28:20.633753
108,Experiment_2023-11-15T16:04:18.871968_jelly_7.0_Test Type 2.log,jelly,Test Type 2,7,2023-11-15 16:04:18.871968,0 days 22:49:53.732389
109,Experiment_2023-11-16T13:01:14.550048_jelly_8.0_Test Type 3.log,jelly,Test Type 3,8,2023-11-16 13:01:14.550048,0 days 20:56:55.678080
110,Experiment_2023-11-16T19:24:59.492473_jelly_9.0_Test Type 1.log,jelly,Test Type 1,9,2023-11-16 19:24:59.492473,0 days 06:23:44.942425
111,Experiment_2023-10-06T19:32:30.778453_molly_2_Training - fixed.log,molly,Training - fixed,2,2023-10-06 19:32:30.778453,-41 days +00:07:31.285980
112,Experiment_2023-10-07T18:06:05.305535_molly_3_Training - fixed.log,molly,Training - fixed,3,2023-10-07 18:06:05.305535,0 days 22:33:34.527082
113,Experiment_2023-10-08T17:40:21.611860_molly_4_Training randomised Type 1.log,molly,Training randomised Type 1,4,2023-10-08 17:40:21.611860,0 days 23:34:16.306325
114,Experiment_2023-10-09T18:34:53.096516_molly_6_Training randomised Type 2.log,molly,Training randomised Type 2,6,2023-10-09 18:34:53.096516,1 days 00:54:31.484656
115,Experiment_2023-10-10T17:48:18.431367_molly_7_Training randomised Type 1.log,molly,Training randomised Type 1,7,2023-10-10 17:48:18.431367,0 days 23:13:25.334851
116,Experiment_2023-10-11T09:46:53.960298_molly_8_Test Type 1.log,molly,Test Type 1,8,2023-10-11 09:46:53.960298,0 days 15:58:35.528931
117,Experiment_2023-10-17T16:49:28.592735_molly_9_Test Type 2.log,molly,Test Type 2,9,2023-10-17 16:49:28.592735,6 days 07:02:34.632437
118,Experiment_2023-10-21T17:37:08.203277_molly_10_Test Type 3.log,molly,Test Type 3,10,2023-10-21 17:37:08.203277,4 days 00:47:39.610542
119,Experiment_2023-10-22T13:27:32.965713_molly_11_Test Type 1.log,molly,Test Type 1,11,2023-10-22 13:27:32.965713,0 days 19:50:24.762436
120,Experiment_2023-10-06T14:14:41.653330_mowgli_1_Training - fixed.log,mowgli,Training - fixed,1,2023-10-06 14:14:41.653330,-16 days +00:47:08.687617
121,Experiment_2023-10-07T12:16:35.124984_mowgli_2_Training - fixed.log,mowgli,Training - fixed,2,2023-10-07 12:16:35.124984,0 days 22:01:53.471654
122,Experiment_2023-10-08T11:48:24.989885_mowgli_3_Training - fixed.log,mowgli,Training - fixed,3,2023-10-08 11:48:24.989885,0 days 23:31:49.864901
123,Experiment_2023-10-09T12:31:10.855228_mowgli_4_Training randomised Type 1.log,mowgli,Training randomised Type 1,4,2023-10-09 12:31:10.855228,1 days 00:42:45.865343
124,Experiment_2023-10-10T11:38:00.835987_mowgli_5_Training randomised Type 2.log,mowgli,Training randomised Type 2,5,2023-10-10 11:38:00.835987,0 days 23:06:49.980759
125,Experiment_2023-10-16T11:24:59.900151_mowgli_6_Test Type 2.log,mowgli,Test Type 2,6,2023-10-16 11:24:59.900151,5 days 23:46:59.064164
126,Experiment_2023-10-20T11:51:36.082488_mowgli_7_Test Type 3.log,mowgli,Test Type 3,7,2023-10-20 11:51:36.082488,4 days 00:26:36.182337
127,Experiment_2023-10-21T11:03:39.830387_mowgli_8_Test Type 1.log,mowgli,Test Type 1,8,2023-10-21 11:03:39.830387,0 days 23:12:03.747899
128,Experiment_2023-11-12T21:26:14.605122_myrtle_1.0_Training - fixed.log,myrtle,Training - fixed,1,2023-11-12 21:26:14.605122,22 days 10:22:34.774735
129,Experiment_2023-11-13T06:36:50.258957_myrtle_2.0_Training - fixed.log,myrtle,Training - fixed,2,2023-11-13 06:36:50.258957,0 days 09:10:35.653835
130,Experiment_2023-11-13T15:16:40.151932_myrtle_3.0_Training randomised Type 1.log,myrtle,Training randomised Type 1,3,2023-11-13 15:16:40.151932,0 days 08:39:49.892975
131,Experiment_2023-11-14T00:45:14.508317_myrtle_4.0_Training randomised Type 2.log,myrtle,Training randomised Type 2,4,2023-11-14 00:45:14.508317,0 days 09:28:34.356385
132,Experiment_2023-11-14T01:18:45.941991_myrtle_5.0_Training randomised Type 2.log,myrtle,Training randomised Type 2,5,2023-11-14 01:18:45.941991,0 days 00:33:31.433674
133,Experiment_2023-11-14T10:23:47.643202_myrtle_6.0_Training randomised Type 1.log,myrtle,Training randomised Type 1,6,2023-11-14 10:23:47.643202,0 days 09:05:01.701211
134,Experiment_2023-11-14T18:48:28.476282_myrtle_8.0_Test Type 1.log,myrtle,Test Type 1,8,2023-11-14 18:48:28.476282,0 days 08:24:40.833080
135,Experiment_2023-11-15T17:59:06.826933_myrtle_9.0_Test Type 2.log,myrtle,Test Type 2,9,2023-11-15 17:59:06.826933,0 days 23:10:38.350651
136,Experiment_2023-11-16T21:17:46.006067_myrtle_10.0_Test Type 3.log,myrtle,Test Type 3,10,2023-11-16 21:17:46.006067,1 days 03:18:39.179134
137,Experiment_2023-11-17T02:45:25.056724_myrtle_11.0_Test Type 1.log,myrtle,Test Type 1,11,2023-11-17 02:45:25.056724,0 days 05:27:39.050657
138,Experiment_2023-11-12T21:55:51.589728_nix_1.0_Training - fixed.log,nix,Training - fixed,1,2023-11-12 21:55:51.589728,-5 days +19:10:26.533004
139,Experiment_2023-11-13T07:47:14.435782_nix_2.0_Training - fixed.log,nix,Training - fixed,2,2023-11-13 07:47:14.435782,0 days 09:51:22.846054
140,Experiment_2023-11-13T16:34:23.409480_nix_3.0_Training randomised Type 1.log,nix,Training randomised Type 1,3,2023-11-13 16:34:23.409480,0 days 08:47:08.973698
141,Experiment_2023-11-14T02:26:16.452913_nix_4.0_Test Type 1.log,nix,Test Type 1,4,2023-11-14 02:26:16.452913,0 days 09:51:53.043433
142,Experiment_2023-11-14T08:02:44.063274_nix_5.0_Training randomised Type 2.log,nix,Training randomised Type 2,5,2023-11-14 08:02:44.063274,0 days 05:36:27.610361
143,Experiment_2023-11-14T11:07:04.244882_nix_7.0_Training randomised Type 1.log,nix,Training randomised Type 1,7,2023-11-14 11:07:04.244882,0 days 03:04:20.181608
144,Experiment_2023-11-14T19:42:46.106423_nix_8.0_Test Type 1.log,nix,Test Type 1,8,2023-11-14 19:42:46.106423,0 days 08:35:41.861541
145,Experiment_2023-11-15T04:42:42.109160_nix_9.0_Test Type 1.log,nix,Test Type 1,9,2023-11-15 04:42:42.109160,0 days 08:59:56.002737
146,Experiment_2023-11-16T09:12:31.465402_nix_10.0_Test Type 3.log,nix,Test Type 3,10,2023-11-16 09:12:31.465402,1 days 04:29:49.356242
147,Experiment_2023-11-16T15:46:42.899255_nix_11.0_Test Type 1.log,nix,Test Type 1,11,2023-11-16 15:46:42.899255,0 days 06:34:11.433853
148,Experiment_2023-11-14T06:35:09.308410_pumba_nan_Test Type 1.log,pumba,Test Type 1,,2023-11-14 06:35:09.308410,-3 days +14:48:26.409155
149,Experiment_2023-11-17T00:36:27.593791_pumba_nan_Test Type 3.log,pumba,Test Type 3,,2023-11-17 00:36:27.593791,2 days 18:01:18.285381
150,Experiment_2023-11-13T21:26:18.412625_pumba_nan_Training - fixed.log,pumba,Training - fixed,,2023-11-13 21:26:18.412625,-4 days +20:49:50.818834
151,Experiment_2023-11-14T15:40:26.284336_pumba_nan_Training randomised Type 2.log,pumba,Training randomised Type 2,,2023-11-14 15:40:26.284336,0 days 18:14:07.871711
152,Experiment_2023-11-13T12:06:45.400077_pumba_nan_Training - fixed.log,pumba,Training - fixed,,2023-11-13 12:06:45.400077,-2 days +20:26:19.115741
153,Experiment_2023-11-15T00:06:05.447953_pumba_nan_Test Type 1.log,pumba,Test Type 1,,2023-11-15 00:06:05.447953,1 days 11:59:20.047876
154,Experiment_2023-11-13T03:05:04.626964_pumba_nan_Training - fixed.log,pumba,Training - fixed,,2023-11-13 03:05:04.626964,-2 days +02:58:59.179011
155,Experiment_2023-11-16T00:37:29.832581_pumba_nan_Test Type 2.log,pumba,Test Type 2,,2023-11-16 00:37:29.832581,2 days 21:32:25.205617
156,Experiment_2023-11-12T20:44:49.282652_smudge_1.0_Training - fixed.log,smudge,Training - fixed,1,2023-11-12 20:44:49.282652,-4 days +20:07:19.450071
157,Experiment_2023-11-13T05:23:15.688175_smudge_2.0_Training - fixed.log,smudge,Training - fixed,2,2023-11-13 05:23:15.688175,0 days 08:38:26.405523
158,Experiment_2023-11-13T14:11:10.054657_smudge_3.0_Training - fixed.log,smudge,Training - fixed,3,2023-11-13 14:11:10.054657,0 days 08:47:54.366482
159,Experiment_2023-11-13T23:31:59.936909_smudge_4.0_Training randomised Type 1.log,smudge,Training randomised Type 1,4,2023-11-13 23:31:59.936909,0 days 09:20:49.882252
160,Experiment_2023-11-14T09:21:32.260775_smudge_5.0_Training randomised Type 2.log,smudge,Training randomised Type 2,5,2023-11-14 09:21:32.260775,0 days 09:49:32.323866
161,Experiment_2023-11-14T17:33:48.603698_smudge_6.0_Training randomised Type 1.log,smudge,Training randomised Type 1,6,2023-11-14 17:33:48.603698,0 days 08:12:16.342923
162,Experiment_2023-11-15T02:11:18.965110_smudge_7.0_Test Type 1.log,smudge,Test Type 1,7,2023-11-15 02:11:18.965110,0 days 08:37:30.361412
163,Experiment_2023-11-15T16:42:36.211643_smudge_8.0_Test Type 2.log,smudge,Test Type 2,8,2023-11-15 16:42:36.211643,0 days 14:31:17.246533
164,Experiment_2023-11-16T13:46:25.228604_smudge_9.0_Test Type 3.log,smudge,Test Type 3,9,2023-11-16 13:46:25.228604,0 days 21:03:49.016961
165,Experiment_2023-11-16T20:27:00.214523_smudge_10.0_Test Type 1.log,smudge,Test Type 1,10,2023-11-16 20:27:00.214523,0 days 06:40:34.985919
166,Experiment_2023-10-06T14:48:40.419276_teddy_1_Training - fixed.log,teddy,Training - fixed,1,2023-10-06 14:48:40.419276,-42 days +18:21:40.204753
167,Experiment_2023-10-07T13:42:36.274776_teddy_2_Training - fixed.log,teddy,Training - fixed,2,2023-10-07 13:42:36.274776,0 days 22:53:55.855500
168,Experiment_2023-10-08T12:20:50.954677_teddy_3_Training - fixed.log,teddy,Training - fixed,3,2023-10-08 12:20:50.954677,0 days 22:38:14.679901
169,Experiment_2023-10-09T13:08:37.841616_teddy_4_Training randomised Type 1.log,teddy,Training randomised Type 1,4,2023-10-09 13:08:37.841616,1 days 00:47:46.886939
170,Experiment_2023-10-10T12:20:12.178833_teddy_5_Test Type 1.log,teddy,Test Type 1,5,2023-10-10 12:20:12.178833,0 days 23:11:34.337217
171,Experiment_2023-10-17T12:35:26.511897_teddy_6_Test Type 2.log,teddy,Test Type 2,6,2023-10-17 12:35:26.511897,7 days 00:15:14.333064
172,Experiment_2023-10-21T12:03:21.675968_teddy_7_Test Type 3.log,teddy,Test Type 3,7,2023-10-21 12:03:21.675968,3 days 23:27:55.164071
173,Experiment_2023-10-22T09:28:24.865198_teddy_8_Test Type 1.log,teddy,Test Type 1,8,2023-10-22 09:28:24.865198,0 days 21:25:03.189230
174,Experiment_2023-11-12T23:47:07.024641_yoshi_1.0_Training - fixed.log,yoshi,Training - fixed,1,2023-11-12 23:47:07.024641,21 days 14:18:42.159443
175,Experiment_2023-11-13T07:17:20.615404_yoshi_2.0_Training - fixed.log,yoshi,Training - fixed,2,2023-11-13 07:17:20.615404,0 days 07:30:13.590763
176,Experiment_2023-11-13T16:03:04.381618_yoshi_3.0_Training randomised Type 1.log,yoshi,Training randomised Type 1,3,2023-11-13 16:03:04.381618,0 days 08:45:43.766214
177,Experiment_2023-11-14T01:55:54.666841_yoshi_4.0_Training randomised Type 1.log,yoshi,Training randomised Type 1,4,2023-11-14 01:55:54.666841,0 days 09:52:50.285223
178,Experiment_2023-11-14T11:34:20.820883_yoshi_5.0_Training randomised Type 2.log,yoshi,Training randomised Type 2,5,2023-11-14 11:34:20.820883,0 days 09:38:26.154042
179,Experiment_2023-11-14T19:16:58.918521_yoshi_6.0_Training randomised Type 1.log,yoshi,Training randomised Type 1,6,2023-11-14 19:16:58.918521,0 days 07:42:38.097638
180,Experiment_2023-11-15T03:51:22.577702_yoshi_8.0_Test Type 1.log,yoshi,Test Type 1,8,2023-11-15 03:51:22.577702,0 days 08:34:23.659181
181,Experiment_2023-11-15T18:35:59.371714_yoshi_9.0_Test Type 2.log,yoshi,Test Type 2,9,2023-11-15 18:35:59.371714,0 days 14:44:36.794012
182,Experiment_2023-11-16T22:01:25.798273_yoshi_10.0_Test Type 3.log,yoshi,Test Type 3,10,2023-11-16 22:01:25.798273,1 days 03:25:26.426559
183,Experiment_2023-11-17T03:22:54.109367_yoshi_11.0_Test Type 1.log,yoshi,Test Type 1,11,2023-11-17 03:22:54.109367,0 days 05:21:28.311094
